,Other,Shopping,Meal,SocRec
VOT,1.0,1.0,1.0,1.0
DurationInSeconds,3926.7421998318523,2983.7262853668785,2915.7301746338317,9717.943035746017
