,Other,Shopping,Meal,SocRec
VOT,1.0,1.0,1.0,1.0
DurationInSeconds,2850.5817075103,3711.336491849695,3226.7728776362665,12352.760669711746
