,Other,Shopping,Meal,SocRec
VOT,1.0,1.0,1.0,1.0
DurationInSeconds,4082.6344259587527,2797.1155285240343,3071.6606549284047,8962.633979433773
