,Other,Shopping,Meal,SocRec
VOT,1.0,1.0,1.0,1.0
DurationInSeconds,3621.8965264456515,2614.7802469212565,3317.909553313548,8261.947895249143
