,Other,Shopping,Meal,SocRec
VOT,1.0,1.0,1.0,1.0
DurationInSeconds,3699.3184385081745,2469.8547329103967,3028.237519083052,9510.553269323116
